matter_ref,custodian_email
LH-2041,ada.hopper@hey.test
LH-2042,xavier.tesla@hey.test
LH-2043,sophie.dirac@mail.test
LH-2044,katherine.curie@example.test
LH-2045,vera.wright@mail.test
LH-2046,emmy.babbage@inbox.test
LH-2047,richard.shannon@example.test
LH-2048,blaise.xu@inbox.test
LH-2049,isaac.pascal@example.test
LH-2050,oliver.ramanujan@inbox.test
LH-2051,dorothy.turing@hey.test
LH-2052,katherine.ramanujan@inbox.test
LH-2053,charles.shannon@hey.test
LH-2054,katherine.xu@hey.test
LH-2055,charles.xu@hey.test
LH-2056,yvonne.curie@mail.test
LH-2057,dana.reeve@example.test
LH-2058,marion.zuse@archive.test
