mirror_row_id,entity,record_id,stored_zone,stored_local
nh-00001,interview,interview_0002,America/Sao_Paulo,2026-07-18T15:41:05
nh-00002,interview,interview_0009,Australia/Sydney,2026-07-23T22:03:33
nh-00003,interview,interview_0014,Asia/Tokyo,2026-07-18T10:55:22
nh-00004,interview,interview_0018,Asia/Tokyo,2026-05-27T13:26:49
nh-00005,interview,interview_0025,Australia/Sydney,2026-07-10T18:28:20
nh-00006,interview,interview_0029,Pacific/Chatham,2026-05-26T00:05:46
nh-00007,interview,interview_0053,America/New_York,2026-07-20T08:40:07
nh-00008,interview,interview_0068,Europe/Berlin,2026-06-09T20:16:59
nh-00009,interview,interview_0070,Europe/Berlin,2026-07-07T20:42:40
nh-00010,interview,interview_0080,America/New_York,2026-07-20T08:14:53
nh-00011,interview,interview_0082,America/Los_Angeles,2026-06-27T14:08:23
nh-00012,interview,interview_0098,Asia/Tokyo,2026-07-07T08:12:16
nh-00013,interview,interview_0106,America/Los_Angeles,2026-06-29T21:32:20
nh-00014,interview,interview_0109,America/New_York,2026-06-08T05:16:26
nh-00015,interview,interview_0111,Australia/Sydney,2026-06-19T22:38:54
nh-00016,interview,interview_0113,Europe/Berlin,2026-06-07T12:01:29
nh-00017,shift,shift_0013,Asia/Tokyo,2026-07-05T04:28:49
nh-00018,shift,shift_0023,Asia/Kolkata,2026-07-23T10:00:05
nh-00019,shift,shift_0026,America/New_York,2026-07-02T00:29:56
nh-00020,shift,shift_0037,Australia/Sydney,2026-07-02T11:08:04
nh-00021,shift,shift_0044,America/New_York,2026-06-23T11:18:11
nh-00022,shift,shift_0053,Australia/Sydney,2026-07-21T10:16:30
nh-00023,shift,shift_0059,Asia/Tokyo,2026-06-24T22:54:20
nh-00024,shift,shift_0067,America/Los_Angeles,2026-06-04T07:21:46
nh-00025,shift,shift_0069,America/New_York,2026-07-16T10:27:45
nh-00026,shift,shift_0087,America/New_York,2026-07-10T16:26:01
nh-00027,shift,shift_0098,America/Sao_Paulo,2026-07-15T18:06:33
nh-00028,shift,shift_0103,Europe/Berlin,2026-06-26T11:01:24
nh-00029,shift,shift_0105,Pacific/Chatham,2026-06-30T09:33:10
nh-00030,shift,shift_0106,Europe/Berlin,2026-06-12T14:50:13
nh-00031,shift,shift_0109,Asia/Tokyo,2026-06-28T21:12:16
nh-00032,shift,shift_0112,Pacific/Chatham,2026-06-29T21:59:20
nh-00033,shift,shift_0116,Pacific/Chatham,2026-06-21T06:44:36
nh-00034,shift,shift_0117,Australia/Sydney,2026-07-09T02:17:03
nh-00035,shift,shift_0127,Europe/Berlin,2026-06-03T05:54:30
nh-00036,shift,shift_0135,Asia/Kolkata,2026-06-21T11:42:33
nh-00037,shift,shift_0142,America/New_York,2026-05-30T02:58:10
nh-00038,shift,shift_0143,Asia/Tokyo,2026-05-28T05:53:35
nh-00039,shift,shift_0150,America/New_York,2026-06-13T01:04:44
nh-00040,shift,shift_0152,Europe/Berlin,2026-05-28T23:42:22
nh-00041,shift,shift_0153,Australia/Sydney,2026-07-08T04:23:03
nh-00042,shift,shift_0163,Australia/Sydney,2026-05-26T22:49:59
nh-00043,shift,shift_0179,Asia/Kolkata,2026-06-07T07:44:14
nh-00044,worker,worker_0001,Europe/Copenhagen,2026-06-23T17:42:35
nh-00045,worker,worker_0002,Europe/Copenhagen,2026-05-31T14:24:22
nh-00046,worker,worker_0003,Europe/Copenhagen,2026-05-26T02:32:53
nh-00047,worker,worker_0004,Europe/Copenhagen,2026-06-16T09:39:24
nh-00048,worker,worker_0005,Europe/Copenhagen,2026-06-22T03:09:52
nh-00049,worker,worker_0006,Europe/Copenhagen,2026-07-11T17:23:09
nh-00050,worker,worker_0007,Europe/Copenhagen,2026-07-05T18:16:58
nh-00051,worker,worker_0008,Europe/Copenhagen,2026-07-15T10:37:51
nh-00052,worker,worker_0009,Europe/Copenhagen,2026-06-23T00:13:43
nh-00053,worker,worker_0010,Europe/Copenhagen,2026-07-04T03:07:11
nh-00054,worker,worker_0011,Europe/Copenhagen,2026-07-04T05:00:37
nh-00055,worker,worker_0012,Europe/Copenhagen,2026-07-20T20:58:11
nh-00056,worker,worker_0013,Europe/Copenhagen,2026-05-27T11:51:40
nh-00057,worker,worker_0014,Europe/Copenhagen,2026-06-03T05:34:32
nh-00058,worker,worker_0015,Europe/Copenhagen,2026-06-22T11:53:26
nh-00059,worker,worker_0016,Europe/Copenhagen,2026-06-06T00:54:38
nh-00060,worker,worker_0017,Europe/Copenhagen,2026-07-23T14:04:22
nh-00061,worker,worker_0018,Europe/Copenhagen,2026-06-11T16:12:56
nh-00062,worker,worker_0019,Europe/Copenhagen,2026-05-27T06:47:28
nh-00063,worker,worker_0020,Europe/Copenhagen,2026-06-14T05:38:02
nh-00064,worker,worker_0021,Europe/Copenhagen,2026-06-19T14:25:05
nh-00065,worker,worker_0022,Europe/Copenhagen,2026-07-02T08:24:43
nh-00066,worker,worker_0023,Europe/Copenhagen,2026-06-21T06:29:46
nh-00067,worker,worker_0024,Europe/Copenhagen,2026-07-09T04:44:47
nh-00068,worker,worker_0025,Europe/Copenhagen,2026-07-03T03:31:34
nh-00069,worker,worker_0026,Europe/Copenhagen,2026-05-26T18:18:49
nh-00070,worker,worker_0027,Europe/Copenhagen,2026-06-28T03:58:56
nh-00071,worker,worker_0028,Europe/Copenhagen,2026-06-27T15:45:54
nh-00072,worker,worker_0029,Europe/Copenhagen,2026-06-18T22:36:01
nh-00073,worker,worker_0030,Europe/Copenhagen,2026-05-25T15:04:28
nh-00074,worker,worker_0031,Europe/Copenhagen,2026-05-27T23:34:11
nh-00075,worker,worker_0032,Europe/Copenhagen,2026-07-22T04:20:13
nh-00076,worker,worker_0033,Europe/Copenhagen,2026-05-29T22:31:27
nh-00077,worker,worker_0034,Europe/Copenhagen,2026-05-25T14:55:13
nh-00078,worker,worker_0035,Europe/Copenhagen,2026-07-03T11:01:14
nh-00079,worker,worker_0036,Europe/Copenhagen,2026-07-07T12:40:09
nh-00080,worker,worker_0037,Europe/Copenhagen,2026-07-14T18:38:27
nh-00081,worker,worker_0038,Europe/Copenhagen,2026-07-19T23:30:15
nh-00082,worker,worker_0039,Europe/Copenhagen,2026-06-09T15:19:46
nh-00083,worker,worker_0040,Europe/Copenhagen,2026-06-06T06:11:49
